N,record_count_refined,count_independent_test,j,L,n_j,n_j_over_N,conjectured_n_j_over_N,count_fraction_error,count_fraction_relative_error,gamma_j,effective_exponent_log_gamma_over_log_N,gamma_over_N_to_j_over_2,gamma_over_N_to_j,n_j_over_n_jplus1,pi_ratio_error
48,True,True,0,2,41,0.8541666666666666,0.6816901138162093,0.17247655285045738,0.2530131350811387,1.0,0.0,1.0,1.0,20.5,17.358407346410207
48,True,True,1,2,2,0.041666666666666664,0.10849435127072644,-0.06682768460405977,-0.6159554282904955,5.708841227819454,0.449993699844124,0.8240002549105988,0.11893419224623862,2.0,-1.1415926535897931
48,True,True,2,2,1,0.020833333333333332,0.034534824604569136,-0.013701491271235804,-0.3967441974331911,19.14517911233029,0.7625672064391642,0.3988578981735477,0.008309539545282244,,
800,True,True,0,5,641,0.80125,0.6816901138162093,0.11955988618379076,0.17538744329806336,1.0,0.0,1.0,1.0,11.87037037037037,8.728777716780577
800,True,True,1,5,54,0.0675,0.10849435127072644,-0.04099435127072644,-0.37784779383060274,20.246242476519765,0.44998413403273213,0.7158127674347122,0.025307803095649707,3.375,0.23340734641020688
800,True,True,2,5,16,0.02,0.034534824604569136,-0.014534824604569136,-0.42087442953586346,175.6151729138036,0.7731630937054216,0.2195189661422545,0.0002743987076778181,2.6666666666666665,-0.4749259869231266
800,True,True,3,5,6,0.0075,0.010992776089257578,-0.0034927760892575783,-0.3177337608714516,996.3633158952689,1.0328366474135178,0.04403345357469118,1.946022101357947e-06,3.0,-0.14159265358979312
800,True,True,4,5,2,0.0025,0.003499109305815475,-0.0009991093058154751,-0.2855324651204717,4236.986105588967,1.2493780957762264,0.006620290789982761,1.0344204359348064e-08,2.0,-1.1415926535897931
800,True,True,5,5,1,0.00125,0.0011138010848787665,0.00013619891512123348,0.12228297940296788,13251.07047215432,1.419952871640266,0.0007320251397532145,4.043905783738501e-11,,
1000,True,True,0,5,799,0.799,0.6816901138162093,0.11730988618379079,0.17208682333248382,1.0,0.0,1.0,1.0,11.579710144927537,8.438117491337744
1000,True,True,1,5,69,0.069,0.10849435127072644,-0.03949435127072644,-0.3640221892490606,24.124266621374588,0.46081803988256376,0.7628762940471857,0.02412426662137459,3.45,0.30840734641020706
1000,True,True,2,5,20,0.02,0.034534824604569136,-0.014534824604569136,-0.42087442953586346,227.63280711440242,0.7857449513470078,0.22763280711440242,0.00022763280711440243,2.857142857142857,-0.2844497964469359
1000,True,True,3,5,7,0.007,0.010992776089257578,-0.003992776089257578,-0.3632181768133548,1369.439059954266,1.045514236971043,0.043305465462553615,1.369439059954266e-06,2.3333333333333335,-0.8082593202564596
1000,True,True,4,5,3,0.003,0.003499109305815475,-0.0004991093058154751,-0.14263895814456604,6172.397155353002,1.2634846208126485,0.006172397155353002,6.1723971553530015e-09,3.0,-0.14159265358979312
1000,True,True,5,5,1,0.001,0.0011138010848787665,-0.00011380108487876652,-0.1021736164776257,25394.33174392608,1.4682455962610943,0.0008030392796872217,2.5394331743926078e-11,,
1700,True,True,0,6,1345,0.7911764705882353,0.6816901138162093,0.109486356772026,0.16061015783125274,1.0,0.0,1.0,1.0,10.76,7.618407346410207
1700,True,True,1,6,125,0.07352941176470588,0.10849435127072644,-0.03496493950602056,-0.32227428521852153,44.00952538819898,0.5087672719883828,1.0673877747579203,0.025887956110705282,3.676470588235294,0.5348779346455008
1700,True,True,2,6,34,0.02,0.034534824604569136,-0.014534824604569136,-0.42087442953586346,513.9267834071542,0.8391716809658248,0.30230987259244363,0.00017782933681908449,3.090909090909091,-0.05068356268070229
1700,True,True,3,6,11,0.006470588235294118,0.010992776089257578,-0.00452218785396346,-0.41137814663419353,3656.241652480304,1.102953483745195,0.052162873792246205,7.441973646408109e-07,2.75,-0.3915926535897931
1700,True,True,4,6,4,0.002352941176470588,0.003499109305815475,-0.0011461681293448872,-0.32755996717220875,16281.463989040674,1.3037486601705854,0.005633724563681894,1.9493856621736658e-09,2.0,-1.1415926535897931
1700,True,True,5,6,2,0.001176470588235294,0.0011138010848787665,6.266950335652747e-05,0.056266333555734356,51612.272254628864,1.4588538912726559,0.00043314237753708647,3.6350331233799505e-12,2.0,-1.1415926535897931
1700,True,True,6,6,1,0.000588235294117647,0.00035453389655914277,0.00023370139755850424,0.6591792768664605,167438.20260154543,1.61706768330731,3.408064372105545e-05,6.936829578883666e-15,,
3000,True,True,0,6,2241,0.747,0.6816901138162093,0.06530988618379074,0.09580582857242223,1.0,0.0,1.0,1.0,8.178832116788321,5.037239463198528
3000,True,True,1,6,274,0.09133333333333334,0.10849435127072644,-0.017161017937393108,-0.15817429881276623,107.04458078332773,0.5836910872550347,1.9543577184570873,0.03568152692777591,3.859154929577465,0.7175622759876719
3000,True,True,2,6,71,0.023666666666666666,0.034534824604569136,-0.01086815793790247,-0.3147014082841051,1845.7860543961617,0.9393349041172354,0.615262018132054,0.0002050873393773513,3.227272727272727,0.08568007368293395
3000,True,True,3,6,22,0.007333333333333333,0.010992776089257578,-0.003659442755924245,-0.332895232852086,17510.655627026277,1.220349276376271,0.10656645648474511,6.485428010009732e-07,2.75,-0.3915926535897931
3000,True,True,4,6,8,0.0026666666666666666,0.003499109305815475,-0.0008324426391488086,-0.2379012961285032,112073.61571880718,1.45220802309195,0.012452623968756354,1.3836248854173726e-09,2.6666666666666665,-0.4749259869231266
3000,True,True,5,6,3,0.001,0.0011138010848787665,-0.00011380108487876652,-0.1021736164776257,562005.5463506441,1.6535922046936435,0.001140085611775048,2.312780026134338e-12,3.0,-0.14159265358979312
3000,True,True,6,6,1,0.0003333333333333333,0.00035453389655914277,-2.1200563225809443e-05,-0.05979840977567232,2327288.1557785366,1.831069351012584,8.619585762142728e-05,3.1924391711639734e-15,,
5000,True,True,0,7,3443,0.6886,0.6816901138162093,0.006909886183790737,0.010136403688045435,1.0,0.0,1.0,1.0,5.987826086956522,2.846233433366729
5000,True,True,1,7,575,0.115,0.10849435127072644,0.006505648729273561,0.05996301791823232,211.6164780328995,0.628701903327754,2.9927089325575458,0.0423232956065799,4.078014184397163,0.9364215308073698
5000,True,True,2,7,141,0.0282,0.034534824604569136,-0.006334824604569137,-0.18343294564556747,7209.813535342328,1.0429725108205188,1.4419627070684655,0.0002883925414136931,3.4390243902439024,0.29743173665410927
5000,True,True,3,7,41,0.0082,0.010992776089257578,-0.0027927760892575773,-0.254055578552787,88252.13213137595,1.3370546938056491,0.24961472433706858,7.060170570510076e-07,2.9285714285714284,-0.21302122501836473
5000,True,True,4,7,14,0.0028,0.003499109305815475,-0.0006991093058154752,-0.19979636093492834,705471.9443884584,1.5811103470173737,0.028218877775538335,1.1287551110215334e-09,2.8,-0.3415926535897933
5000,True,True,5,7,5,0.001,0.0011138010848787665,-0.00011380108487876652,-0.1021736164776257,4250614.973620791,1.791972294991495,0.002404510937648271,1.3601967915586531e-12,5.0,1.8584073464102069
5000,True,True,6,7,1,0.0002,0.00035453389655914277,-0.00015453389655914276,-0.4358790458654033,15342179.341352731,1.9426724322370104,0.00012273743473082186,9.818994778465747e-16,1.0,-2.141592653589793
5000,True,True,7,7,1,0.0002,0.00011285164426203656,8.714835573796345e-05,0.7722382452453133,38218281.50706001,2.0498331011412967,4.32390496303017e-06,4.891940032903682e-19,,
8000,True,True,0,7,5241,0.655125,0.6816901138162093,-0.026565113816209296,-0.03896948668874422,1.0,0.0,1.0,1.0,5.331637843336725,2.1900451897469315
8000,True,True,1,7,983,0.122875,0.10849435127072644,0.014380648729273554,0.1325474419713286,353.95288303720537,0.653058336501201,3.957313536516117,0.04424411037965067,3.5875912408759123,0.4459985872861192
8000,True,True,2,7,274,0.03425,0.034534824604569136,-0.00028482460456913383,-0.008247460580166087,27658.878443166206,1.1380302735679828,3.4573598053957757,0.000432169975674472,3.382716049382716,0.24112339579292286
8000,True,True,3,7,81,0.010125,0.010992776089257578,-0.0008677760892575777,-0.07894057717645961,433181.148540956,1.4441556733870777,0.6053890591931321,8.460569307440548e-07,3.0,-0.14159265358979312
8000,True,True,4,7,27,0.003375,0.003499109305815475,-0.00012410930581547523,-0.035468827912636836,4192244.4822672154,1.6967189134409935,0.06550382003542524,1.0234971880535195e-09,2.7,-0.44159265358979294
8000,True,True,5,7,10,0.00125,0.0011138010848787665,0.00013619891512123348,0.12228297940296788,30414349.0267612,1.917219062440214,0.005313168118378329,9.281722725452026e-13,3.3333333333333335,0.19174067974354037
8000,True,True,6,7,3,0.000375,0.00035453389655914277,2.0466103440857242e-05,0.057726789002368696,182475838.8849519,2.116580810694866,0.00035639812282217166,6.96090083637054e-16,3.0,-0.14159265358979312
8000,True,True,7,7,1,0.000125,0.00011285164426203656,1.214835573796344e-05,0.10764890327832079,621532596.4723216,2.2529493144129424,1.3572159530703682e-05,2.963698370324715e-19,,
12000,False,False,0,7,8183,0.6819166666666666,0.6816901138162093,0.00022655285045736218,0.0003323399384349047,1.0,0.0,1.0,1.0,6.28494623655914,3.143353582969347
12000,False,False,1,7,1302,0.1085,0.10849435127072644,5.6487292735551975e-06,5.2064731549570705e-05,564.8430689120585,0.6746274896809116,5.156288171559657,0.04707025574267154,3.1449275362318843,0.0033348826420911415
12000,False,False,2,7,414,0.0345,0.034534824604569136,-3.482460456913361e-05,-0.0010083909493643739,72391.38743675563,1.191338802365163,6.0326156197296354,0.0005027179683108029,3.1363636363636362,-0.0052290172261568735
12000,False,False,3,7,132,0.011,0.010992776089257578,7.2239107424213606e-06,0.0006571507218709522,1455456.2766965514,1.5108421988650664,1.107203103068308,8.422779379030969e-07,3.142857142857143,0.0012644892673496777
12000,False,False,4,7,42,0.0035,0.003499109305815475,8.906941845248859e-07,0.00025454883133961076,18303906.757651802,1.7803925240649543,0.12711046359480418,8.827115527416957e-10,3.230769230769231,0.08917657717943772
12000,False,False,5,7,13,0.0010833333333333333,0.0011138010848787665,-3.046775154543326e-05,-0.027354751184094573,161524566.12875056,2.0122269857727306,0.01023965838656847,6.491310045683456e-13,3.25,0.10840734641020688
12000,False,False,6,7,4,0.0003333333333333333,0.00035453389655914277,-2.1200563225809443e-05,-0.05979840977567232,1164892827.1267872,2.222574929680585,0.00067412779347615,3.9012025085425345e-16,4.0,0.8584073464102069
12000,False,False,7,7,1,8.333333333333333e-05,0.00011285164426203656,-2.9518310928703233e-05,-0.2615673978144529,4274071118.3057256,2.360974216002889,2.2579139312088902e-05,1.192814808090545e-19,,
20000,True,True,0,8,13631,0.68155,0.6816901138162093,-0.0001401138162092641,-0.00020553887077059805,1.0,0.0,1.0,1.0,6.423656927426956,3.282064273837163
20000,True,True,1,8,2122,0.1061,0.10849435127072644,-0.002394351270726444,-0.02206890259891788,925.1866468624279,0.6896555845925468,6.542057518596664,0.04625933234312139,2.8714479025710418,-0.27014475101875135
20000,True,True,2,8,739,0.03695,0.034534824604569136,0.0024151753954308602,0.06993449143249217,249270.34742152822,1.2547391263090817,12.463517371076412,0.0006231758685538206,3.3438914027149322,0.20229874912513912
20000,True,True,3,8,221,0.01105,0.010992776089257578,5.722391074242279e-05,0.0052055923160614056,6930415.692591585,1.590493275253761,2.4502719663365866,8.663019615739481e-07,3.2028985507246377,0.06130589713484458
20000,True,True,4,8,69,0.00345,0.003499109305815475,-4.9109305815475245e-05,-0.014034801866250992,110564751.27327204,1.8701605665098067,0.2764118781831801,6.910296954579503e-10,3.1363636363636362,-0.0052290172261568735
20000,True,True,5,8,22,0.0011,0.0011138010848787665,-1.3801084878766476e-05,-0.012390978125388231,1113996216.87956,2.103422604608852,0.01969285697929242,3.481238177748625e-13,3.142857142857143,0.0012644892673496777
20000,True,True,6,8,7,0.00035,0.00035453389655914277,-4.533896559142769e-06,-0.012788330264455918,9308443087.82766,2.317788310672332,0.0011635553859784575,1.4544442324730718e-16,2.3333333333333335,-0.8082593202564596
20000,True,True,7,8,3,0.00015,0.00011285164426203656,3.7148355737963424e-05,0.3291786839339848,38604039518.04837,2.4614180236361145,3.412147265550683e-05,3.0159405873475293e-20,3.0,-0.14159265358979312
20000,True,True,8,8,1,5e-05,3.59217940407025e-05,1.4078205959297505e-05,0.39191266291838545,4772750460582.257,2.947844758349553,2.9829690378639105e-05,1.864355648664944e-22,,
50000,False,False,0,9,34079,0.68158,0.6816901138162093,-0.00011011381620928962,-0.00016153060456290766,1.0,0.0,1.0,1.0,6.28184331797235,3.140250664382557
50000,False,False,1,9,5425,0.1085,0.10849435127072644,5.6487292735551975e-06,5.2064731549570705e-05,2307.3254805425063,0.7157119239008521,10.318673241420825,0.04614650961085012,3.1412854661262304,-0.0003071874635627303
50000,False,False,2,9,1727,0.03454,0.034534824604569136,5.17539543086476e-06,0.000149860191563852,1594103.8523674065,1.3199736549904932,31.88207704734813,0.0006376415409469626,3.14,-0.0015926535897929917
50000,False,False,3,9,550,0.011,0.010992776089257578,7.2239107424213606e-06,0.0006571507218709522,91566866.36971642,1.694358198611845,8.189989507573012,7.325349309577314e-07,3.142857142857143,0.0012644892673496777
50000,False,False,4,9,175,0.0035,0.003499109305815475,8.906941845248859e-07,0.00025454883133961076,3402583217.4889884,2.028488955412589,1.3610332869955954,5.444133147982381e-10,3.125,-0.016592653589793116
50000,False,False,5,9,56,0.00112,0.0011138010848787665,6.1989151212333594e-06,0.005565549545059108,78941411369.18254,2.3190837304112626,0.14121468964901354,2.5261251638138413e-13,3.111111111111111,-0.030481542478681956
50000,False,False,6,9,18,0.00036,0.00035453389655914277,5.466103440857257e-06,0.015417717442273987,1519360073299.565,2.592410825843471,0.01215488058639652,9.723904469117215e-17,3.0,-0.14159265358979312
50000,False,False,7,9,6,0.00012,0.00011285164426203656,7.14835573796344e-06,0.06334294714718797,14511360935206.574,2.8009772635552515,0.0005191742319545092,1.8574541997064414e-20,3.0,-0.14159265358979312
50000,False,False,8,9,2,4e-05,3.59217940407025e-05,4.078205959297506e-06,0.1135301303347084,4204558992095547.5,3.3249244910722284,0.0006727294387352876,1.07636710197646e-22,2.0,-1.1415926535897931
50000,False,False,9,9,1,2e-05,1.1434262172613583e-05,8.565737827386419e-06,0.7491290385052023,4.204558992095527e+17,3.7505496808807353,0.00030085375109547516,2.15273420395291e-25,,
