N,rho,rho_uniform,improvement_over_uniform,search_seconds,objective_evaluations,start_count,candidate_count,best_source,output_normalization,search_gauge_min_gap,output_scale_from_search_gauge,lambda_span,lambda_final,rescaling_spectral_radius_error,min_gap,max_gap,gap_ratio,min_gap_count,min_gap_first_1_based,min_gap_last_1_based,gap_run_count,gap_pattern,reversal_error,inward_nonincreasing,max_coordinate_perturbation_gain,max_random_perturbation_gain,gap_1,gap_2,gap_3,gap_4,gap_5,gap_6,gap_7,gap_8,gap_9,gap_10,gap_11,gap_12,gap_13,gap_14,gap_15,gap_16,gap_17,gap_18,gap_19,gap_20,gap_21,gap_22,gap_23,gap_24,gap_25,gap_26,gap_27,gap_28,gap_29,gap_30,gap_31,gap_32,gap_33,gap_34,gap_35,gap_36,gap_37,gap_38,gap_39,gap_40,gap_41,gap_42,gap_43,gap_44,gap_45,gap_46,gap_47,lambda_1,lambda_2,lambda_3,lambda_4,lambda_5,lambda_6,lambda_7,lambda_8,lambda_9,lambda_10,lambda_11,lambda_12,lambda_13,lambda_14,lambda_15,lambda_16,lambda_17,lambda_18,lambda_19,lambda_20,lambda_21,lambda_22,lambda_23,lambda_24,lambda_25,lambda_26,lambda_27,lambda_28,lambda_29,lambda_30,lambda_31,lambda_32,lambda_33,lambda_34,lambda_35,lambda_36,lambda_37,lambda_38,lambda_39,lambda_40,lambda_41,lambda_42,lambda_43,lambda_44,lambda_45,lambda_46,lambda_47,lambda_48
3,1.5,1.5,0,0.207115344,673,16,27,raw:uniform,min(gap)=1,1,1,2,3,0.000000e+00,1,1,1,2,1,2,1,1^2,0.000000e+00,True,-3.333322e-06,-3.333225e-05,1,1,,,,,,,,,,,,,,,,,,,,,,,,,,,,,,,,,,,,,,,,,,,,,,1,2,3,,,,,,,,,,,,,,,,,,,,,,,,,,,,,,,,,,,,,,,,,,,,,
4,1.802775637731995,1.802775637731995,0,0.781293237,1594,19,43,raw:uniform,min(gap)=1,1,1,3,4,0.000000e+00,1,1,1,3,1,3,1,1^3,0.000000e+00,True,-2.080117e-06,-1.589181e-05,1,1,1,,,,,,,,,,,,,,,,,,,,,,,,,,,,,,,,,,,,,,,,,,,,,1,2,3,4,,,,,,,,,,,,,,,,,,,,,,,,,,,,,,,,,,,,,,,,,,,,
5,2.006932429798715,2.006932429798715,0,1.085465076,2727,20,51,raw:uniform,min(gap)=1,1,1,4,5,0.000000e+00,1,1,1,4,1,4,1,1^4,0.000000e+00,True,-1.338903e-06,-1.566171e-05,1,1,1,1,,,,,,,,,,,,,,,,,,,,,,,,,,,,,,,,,,,,,,,,,,,,1,2,3,4,5,,,,,,,,,,,,,,,,,,,,,,,,,,,,,,,,,,,,,,,,,,,
6,2.154457416887877,2.154457416887878,-4.440892098500626e-16,1.482186590,2801,25,61,exact:raw:uniform,min(gap)=1,0.9999999999999989,1.000000000000001,5.000000000000006,6.000000000000006,8.881784e-16,1,1.000000000000003,1.000000000000003,5,1,5,1,1^5,1.554312e-15,True,-8.972277e-07,-2.172735e-05,1.000000000000003,1.000000000000001,1,1.000000000000001,1.000000000000002,,,,,,,,,,,,,,,,,,,,,,,,,,,,,,,,,,,,,,,,,,,1,2.000000000000003,3.000000000000004,4.000000000000004,5.000000000000004,6.000000000000006,,,,,,,,,,,,,,,,,,,,,,,,,,,,,,,,,,,,,,,,,,
7,2.266344759887142,2.266344759887142,0,1.703726030,3510,25,61,raw:uniform,min(gap)=1,1,1,6,7,0.000000e+00,1,1,1,6,1,6,1,1^6,0.000000e+00,True,-6.235240e-07,-2.474031e-05,1,1,1,1,1,1,,,,,,,,,,,,,,,,,,,,,,,,,,,,,,,,,,,,,,,,,,1,2,3,4,5,6,7,,,,,,,,,,,,,,,,,,,,,,,,,,,,,,,,,,,,,,,,,
8,2.354293366779299,2.354293366779299,0,2.920888229,4977,32,75,raw:uniform,min(gap)=1,1,1,7,8,0.000000e+00,1,1,1,7,1,7,1,1^7,0.000000e+00,True,-4.468342e-07,-3.760328e-05,1,1,1,1,1,1,1,,,,,,,,,,,,,,,,,,,,,,,,,,,,,,,,,,,,,,,,,1,2,3,4,5,6,7,8,,,,,,,,,,,,,,,,,,,,,,,,,,,,,,,,,,,,,,,,
9,2.425354504355918,2.425354504355917,4.440892098500626e-16,2.848748195,5352,32,75,exact:raw:uniform,min(gap)=1,1,1,8,9,0.000000e+00,1,1,1,8,1,8,1,1^8,2.220446e-16,True,-3.285071e-07,-3.268157e-05,1,1,1,1,1,1,1,1,,,,,,,,,,,,,,,,,,,,,,,,,,,,,,,,,,,,,,,,1,2,3,4,5,6,7,8,9,,,,,,,,,,,,,,,,,,,,,,,,,,,,,,,,,,,,,,,
10,2.484039162110373,2.484039162110373,0,3.027819607,5927,35,81,raw:uniform,min(gap)=1,1,1,9,10,0.000000e+00,1,1,1,9,1,9,1,1^9,0.000000e+00,True,-2.467065e-07,-2.172654e-05,1,1,1,1,1,1,1,1,1,,,,,,,,,,,,,,,,,,,,,,,,,,,,,,,,,,,,,,,1,2,3,4,5,6,7,8,9,10,,,,,,,,,,,,,,,,,,,,,,,,,,,,,,,,,,,,,,
11,2.533371720369743,2.533371720369742,4.440892098500626e-16,3.566670593,6589,35,81,exact:raw:uniform,min(gap)=1,1,1,10,11,0.000000e+00,1,1,1,10,1,10,1,1^10,4.440892e-16,True,-1.885931e-07,-1.760242e-05,1,1,1,1,1,1,1,1,1,1,,,,,,,,,,,,,,,,,,,,,,,,,,,,,,,,,,,,,,1,2,3,4,5,6,7,8,9,10,11,,,,,,,,,,,,,,,,,,,,,,,,,,,,,,,,,,,,,
12,2.575458144181769,2.575458144181769,4.440892098500626e-16,4.351171529,7534,37,85,exact:raw:uniform,min(gap)=1,0.9999999999999999,1,11,12,0.000000e+00,1,1,1,11,1,11,1,1^11,2.220446e-16,True,-1.463277e-07,-2.654094e-05,1,1,1,1,1,1,1,1,1,1,1,,,,,,,,,,,,,,,,,,,,,,,,,,,,,,,,,,,,,1,2,3.000000000000001,4.000000000000001,5.000000000000001,6.000000000000001,7.000000000000001,8,9.000000000000002,10,11,12,,,,,,,,,,,,,,,,,,,,,,,,,,,,,,,,,,,,
13,2.611811445546682,2.611811445546682,0,5.635399003,11797,37,96,raw:uniform,min(gap)=1,1,1,12,13,0.000000e+00,1,1,1,12,1,12,1,1^12,0.000000e+00,True,-1.149592e-07,-2.298299e-05,1,1,1,1,1,1,1,1,1,1,1,1,,,,,,,,,,,,,,,,,,,,,,,,,,,,,,,,,,,,1,2,3,4,5,6,7,8,9,10,11,12,13,,,,,,,,,,,,,,,,,,,,,,,,,,,,,,,,,,,
14,2.643547546199519,2.643547546199519,0,6.000760174,12545,37,95,raw:uniform,min(gap)=1,1,1,13,14,0.000000e+00,1,1,1,13,1,13,1,1^13,0.000000e+00,True,-9.126443e-08,-2.931071e-05,1,1,1,1,1,1,1,1,1,1,1,1,1,,,,,,,,,,,,,,,,,,,,,,,,,,,,,,,,,,,1,2,3,4,5,6,7,8,9,10,11,12,13,14,,,,,,,,,,,,,,,,,,,,,,,,,,,,,,,,,,
15,2.671508105468008,2.671508105468008,0,6.216014757,12494,37,96,raw:uniform,min(gap)=1,1,1,14,15,0.000000e+00,1,1,1,14,1,14,1,1^14,0.000000e+00,True,-7.308851e-08,-2.489376e-05,1,1,1,1,1,1,1,1,1,1,1,1,1,1,,,,,,,,,,,,,,,,,,,,,,,,,,,,,,,,,,1,2,3,4,5,6,7,8,9,10,11,12,13,14,15,,,,,,,,,,,,,,,,,,,,,,,,,,,,,,,,,
16,2.696340284673577,2.696340284673577,0,7.918737259,15184,37,95,raw:uniform,min(gap)=1,1,1,15,16,0.000000e+00,1,1,1,15,1,15,1,1^15,0.000000e+00,True,-5.895606e-08,-2.074213e-05,1,1,1,1,1,1,1,1,1,1,1,1,1,1,1,,,,,,,,,,,,,,,,,,,,,,,,,,,,,,,,,1,2,3,4,5,6,7,8,9,10,11,12,13,14,15,16,,,,,,,,,,,,,,,,,,,,,,,,,,,,,,,,
17,2.718550123424645,2.718550123424645,4.440892098500626e-16,7.482102110,13649,37,97,exact:raw:uniform,min(gap)=1,1,1,16,17,0.000000e+00,1,1,1,16,1,16,1,1^16,2.220446e-16,True,-4.783544e-08,-3.190008e-05,1,1,1,1,1,1,1,1,1,1,1,1,1,1,1,1,,,,,,,,,,,,,,,,,,,,,,,,,,,,,,,,1,2,3,4.000000000000001,5.000000000000001,6.000000000000001,7.000000000000001,8,9,10,11,12,13,14,15,16,17,,,,,,,,,,,,,,,,,,,,,,,,,,,,,,,
18,2.738539200448717,2.738539200448717,0,7.244787978,13908,37,97,raw:uniform,min(gap)=1,1,1,17,18,0.000000e+00,1,1,1,17,1,17,1,1^17,0.000000e+00,True,-3.899147e-08,-2.546157e-05,1,1,1,1,1,1,1,1,1,1,1,1,1,1,1,1,1,,,,,,,,,,,,,,,,,,,,,,,,,,,,,,,1,2,3,4,5,6,7,8,9,10,11,12,13,14,15,16,17,18,,,,,,,,,,,,,,,,,,,,,,,,,,,,,,
19,2.756630395513281,2.756630395513281,0,7.618160603,12322,37,96,exact:raw:uniform,min(gap)=1,0.999999999999999,1.000000000000001,18.00000000000002,19.00000000000002,8.881784e-16,1,1.000000000000005,1.000000000000005,18,1,18,1,1^18,3.108624e-15,True,-3.189133e-08,-2.620886e-05,1.000000000000005,1.000000000000002,1.000000000000002,1.000000000000002,1.000000000000001,1.000000000000001,1,1,1,1,1,1,1.000000000000001,1.000000000000001,1.000000000000002,1.000000000000002,1.000000000000002,1.000000000000002,,,,,,,,,,,,,,,,,,,,,,,,,,,,,,1,2.000000000000004,3.000000000000007,4.000000000000009,5.000000000000011,6.000000000000012,7.000000000000012,8.000000000000012,9.000000000000012,10.00000000000001,11.00000000000001,12.00000000000001,13.00000000000001,14.00000000000001,15.00000000000001,16.00000000000001,17.00000000000002,18.00000000000002,19.00000000000002,,,,,,,,,,,,,,,,,,,,,,,,,,,,,
20,2.773086362018684,2.773086362018684,0,7.401228406,12367,37,97,raw:uniform,min(gap)=1,1,1,19,20,0.000000e+00,1,1,1,19,1,19,1,1^19,0.000000e+00,True,-2.614288e-08,-2.861279e-05,1,1,1,1,1,1,1,1,1,1,1,1,1,1,1,1,1,1,1,,,,,,,,,,,,,,,,,,,,,,,,,,,,,1,2,3,4,5,6,7,8,9,10,11,12,13,14,15,16,17,18,19,20,,,,,,,,,,,,,,,,,,,,,,,,,,,,
21,2.78816403424379,2.788123013295496,4.102094829461223e-05,7.433124407,14080,37,98,run_refine_tol0.008_Q3:stationary,min(gap)=1,0.8018259366901052,1.247153470899117,24.94306941798234,25.94306941798234,2.220446e-15,1,3.471534708996425,3.471534708996425,18,2,19,3,3.471534709^1 | 1^18 | 3.471534709^1,8.429179e-12,True,-1.270095e-13,-2.539507e-05,3.471534708996425,1,1,1,1,1,1,1,1,1,1,1,1,1,1,1,1,1,1,3.471534708985912,,,,,,,,,,,,,,,,,,,,,,,,,,,,1,4.471534708996424,5.471534708996424,6.471534708996424,7.471534708996424,8.471534708996424,9.471534708996424,10.47153470899642,11.47153470899642,12.47153470899642,13.47153470899642,14.47153470899642,15.47153470899642,16.47153470899642,17.47153470899642,18.47153470899642,19.47153470899642,20.47153470899642,21.47153470899642,22.47153470899642,25.94306941798234,,,,,,,,,,,,,,,,,,,,,,,,,,,
22,2.802593648397908,2.801919528693746,0.0006741197041617575,9.985324590,21074,38,98,run_refine_tol0.02_Q3:stationary,min(gap)=1,0.7857446559424346,1.272678079878996,26.72623967745892,27.72623967745892,1.332268e-15,1,3.863119838729936,3.863119838729936,19,2,20,3,3.863119839^1 | 1^19 | 3.863119839^1,7.456863e-13,True,-1.421085e-13,-2.315600e-05,3.863119838728987,1,1,1,1,1,1,1,1,1,1,1,1,1,1,1,1,1,1,1,3.863119838729936,,,,,,,,,,,,,,,,,,,,,,,,,,,1,4.863119838728987,5.863119838728987,6.863119838728987,7.863119838728987,8.863119838728988,9.863119838728988,10.86311983872899,11.86311983872899,12.86311983872899,13.86311983872899,14.86311983872899,15.86311983872899,16.86311983872899,17.86311983872899,18.86311983872899,19.86311983872899,20.86311983872899,21.86311983872899,22.86311983872899,23.86311983872899,27.72623967745892,,,,,,,,,,,,,,,,,,,,,,,,,,
23,2.815856150306842,2.814625886346299,0.001230263960543709,10.575729877,21180,38,98,run_refine_tol0.02_Q3:stationary,min(gap)=1,0.7729479256323986,1.293748216196887,28.46246075633153,29.46246075633153,1.776357e-15,1,4.231230378165797,4.231230378165797,20,2,21,3,4.231230378^1 | 1^20 | 4.231230378^1,4.942913e-14,True,-1.483258e-13,-2.485219e-05,4.231230378165733,1,1,1,1,1,1,1,1,1,1,1,1,1,1,1,1,1,1,1,1,4.231230378165797,,,,,,,,,,,,,,,,,,,,,,,,,,1,5.231230378165733,6.231230378165733,7.231230378165733,8.231230378165733,9.231230378165733,10.23123037816573,11.23123037816573,12.23123037816573,13.23123037816573,14.23123037816573,15.23123037816573,16.23123037816573,17.23123037816573,18.23123037816573,19.23123037816573,20.23123037816573,21.23123037816573,22.23123037816573,23.23123037816573,24.23123037816573,25.23123037816573,29.46246075633153,,,,,,,,,,,,,,,,,,,,,,,,,
24,2.828084280003235,2.826368609245403,0.001715670757831855,9.241686658,14838,38,97,run_refine_tol0.02_Q3:stationary,min(gap)=1,0.762338559322928,1.311753141397113,30.1703222521336,31.1703222521336,3.108624e-15,1,4.585161126067133,4.585161126067133,21,2,22,3,4.585161126^1 | 1^21 | 4.585161126^1,5.084966e-13,True,-1.496581e-13,-2.206135e-05,4.585161126066466,1,1,1,1,1,1,1,1,1,1,1,1,1,1,1,1,1,1,1,1,1,4.585161126067133,,,,,,,,,,,,,,,,,,,,,,,,,1,5.585161126066466,6.585161126066466,7.585161126066466,8.585161126066467,9.585161126066467,10.58516112606647,11.58516112606647,12.58516112606647,13.58516112606647,14.58516112606647,15.58516112606647,16.58516112606647,17.58516112606647,18.58516112606647,19.58516112606647,20.58516112606647,21.58516112606647,22.58516112606647,23.58516112606647,24.58516112606647,25.58516112606647,26.58516112606647,31.1703222521336,,,,,,,,,,,,,,,,,,,,,,,,
25,2.839393106220806,2.83725520137118,0.002137904849625727,11.584065681,21740,38,101,run_refine_tol0.02_Q3:stationary,min(gap)=1,0.7533137353861763,1.32746816236845,31.85923589684279,32.85923589684279,1.776357e-15,1,4.929617948423946,4.929617948423946,22,2,23,3,4.929617948^1 | 1^22 | 4.929617948^1,3.840502e-12,True,-1.501022e-13,-2.636574e-05,4.929617948423946,1,1,1,1,1,1,1,1,1,1,1,1,1,1,1,1,1,1,1,1,1,1,4.929617948418848,,,,,,,,,,,,,,,,,,,,,,,,1,5.929617948423946,6.929617948423946,7.929617948423946,8.929617948423946,9.929617948423946,10.92961794842395,11.92961794842395,12.92961794842395,13.92961794842395,14.92961794842395,15.92961794842395,16.92961794842395,17.92961794842395,18.92961794842395,19.92961794842395,20.92961794842395,21.92961794842395,22.92961794842395,23.92961794842395,24.92961794842395,25.92961794842395,26.92961794842395,27.92961794842395,32.85923589684279,,,,,,,,,,,,,,,,,,,,,,,
26,2.849882077661133,2.847377610327807,0.002504467333325877,8.409975488,14431,38,100,run_refine_tol0.02_Q3:stationary,min(gap)=1,0.7454973467499153,1.341386397093993,33.53465992734982,34.53465992734982,2.664535e-15,1,5.267329963675018,5.267329963675018,23,2,24,3,5.267329964^1 | 1^23 | 5.267329964^1,1.608987e-13,True,-1.492140e-13,-2.105260e-05,5.267329963674802,1,1,1,1,1,1,1,1,1,1,1,1,1,1,1,1,1,1,1,1,1,1,1,5.267329963675018,,,,,,,,,,,,,,,,,,,,,,,1,6.267329963674802,7.267329963674802,8.267329963674802,9.267329963674802,10.2673299636748,11.2673299636748,12.2673299636748,13.2673299636748,14.2673299636748,15.2673299636748,16.2673299636748,17.2673299636748,18.2673299636748,19.2673299636748,20.2673299636748,21.2673299636748,22.2673299636748,23.2673299636748,24.2673299636748,25.2673299636748,26.2673299636748,27.2673299636748,28.2673299636748,29.2673299636748,34.53465992734982,,,,,,,,,,,,,,,,,,,,,,
27,2.859637241783637,2.856814957509592,0.002822284274045295,8.552932828,13586,38,100,run_refine_tol0.02_Q3:stationary,min(gap)=1,0.7386353754574455,1.353847965081131,35.20004709210941,36.20004709210941,2.220446e-15,1,5.600023546058134,5.600023546058134,24,2,25,3,5.600023546^1 | 1^24 | 5.600023546^1,5.060693e-12,True,-1.469935e-13,-2.406996e-05,5.600023546058134,1,1,1,1,1,1,1,1,1,1,1,1,1,1,1,1,1,1,1,1,1,1,1,1,5.600023546051283,,,,,,,,,,,,,,,,,,,,,,1,6.600023546058134,7.600023546058134,8.600023546058134,9.600023546058134,10.60002354605813,11.60002354605813,12.60002354605813,13.60002354605813,14.60002354605813,15.60002354605813,16.60002354605813,17.60002354605813,18.60002354605813,19.60002354605813,20.60002354605813,21.60002354605813,22.60002354605813,23.60002354605813,24.60002354605813,25.60002354605813,26.60002354605813,27.60002354605813,28.60002354605813,29.60002354605813,30.60002354605813,36.20004709210941,,,,,,,,,,,,,,,,,,,,,
28,2.868733258057152,2.86563571083428,0.00309754722287181,8.279123813,13726,38,101,run_refine_tol0.02_Q3:stationary,min(gap)=1,0.7325466974726643,1.365100687027964,36.85771854975502,37.85771854975502,1.332268e-15,1,5.928859274877803,5.928859274877803,25,2,26,3,5.928859275^1 | 1^25 | 5.928859275^1,4.255134e-13,True,-1.452172e-13,-2.311806e-05,5.928859274877803,1,1,1,1,1,1,1,1,1,1,1,1,1,1,1,1,1,1,1,1,1,1,1,1,1,5.928859274877222,,,,,,,,,,,,,,,,,,,,,1,6.928859274877803,7.928859274877803,8.928859274877803,9.928859274877803,10.9288592748778,11.9288592748778,12.9288592748778,13.9288592748778,14.9288592748778,15.9288592748778,16.9288592748778,17.9288592748778,18.9288592748778,19.9288592748778,20.9288592748778,21.9288592748778,22.9288592748778,23.9288592748778,24.9288592748778,25.9288592748778,26.9288592748778,27.9288592748778,28.9288592748778,29.9288592748778,30.9288592748778,31.9288592748778,37.85771854975502,,,,,,,,,,,,,,,,,,,,
29,2.877235129808751,2.873899428772647,0.0033357010361037,8.372651632,13246,38,99,run_refine_tol0.02_Q3:stationary,min(gap)=1,0.7270969605505481,1.375332389290712,38.50930690013995,39.50930690013995,0.000000e+00,1,6.254653450069982,6.254653450069982,26,2,27,3,6.25465345^1 | 1^26 | 6.25465345^1,9.686877e-15,True,-1.403322e-13,-2.640121e-05,6.254653450069968,1,1,1,1,1,1,1,1,1,1,1,1,1,1,1,1,1,1,1,1,1,1,1,1,1,1,6.254653450069982,,,,,,,,,,,,,,,,,,,,1,7.254653450069968,8.254653450069968,9.254653450069968,10.25465345006997,11.25465345006997,12.25465345006997,13.25465345006997,14.25465345006997,15.25465345006997,16.25465345006997,17.25465345006997,18.25465345006997,19.25465345006997,20.25465345006997,21.25465345006997,22.25465345006997,23.25465345006997,24.25465345006997,25.25465345006997,26.25465345006997,27.25465345006997,28.25465345006997,29.25465345006997,30.25465345006997,31.25465345006997,32.25465345006997,33.25465345006997,39.50930690013995,,,,,,,,,,,,,,,,,,,
30,2.885199664180503,2.881658171454754,0.003541492725748885,9.318038298,15356,38,98,run_refine_tol0.008_Q3:stationary,min(gap)=1,0.7221834596495363,1.384689702648803,40.15600137681527,41.15600137681527,2.664535e-15,1,6.578000688407688,6.578000688407688,27,2,28,3,6.578000688^1 | 1^27 | 6.578000688^1,7.119848e-14,True,-1.421085e-13,-2.172993e-05,6.578000688407589,1,1,1,1,1,1,1,1,1,1,1,1,1,1,1,1,1,1,1,1,1,1,1,1,1,1,1,6.578000688407688,,,,,,,,,,,,,,,,,,,1,7.578000688407589,8.578000688407588,9.578000688407588,10.57800068840759,11.57800068840759,12.57800068840759,13.57800068840759,14.57800068840759,15.57800068840759,16.57800068840759,17.57800068840759,18.57800068840759,19.57800068840759,20.57800068840759,21.57800068840759,22.57800068840759,23.57800068840759,24.57800068840759,25.57800068840759,26.57800068840759,27.57800068840759,28.57800068840759,29.57800068840759,30.57800068840759,31.57800068840759,32.57800068840758,33.57800068840758,34.57800068840758,41.15600137681527,,,,,,,,,,,,,,,,,,
31,2.892676693485542,2.888957650890537,0.003719042595005106,8.852998687,13809,38,95,run_refine_tol0.02_Q3:stationary,min(gap)=1,0.7177257935689115,1.393289761856645,41.79869285569934,42.79869285569934,2.664535e-15,1,6.899346427853731,6.899346427853731,28,2,29,3,6.899346428^1 | 1^28 | 6.899346428^1,5.822638e-12,True,-1.358913e-13,-2.100988e-05,6.899346427853731,1,1,1,1,1,1,1,1,1,1,1,1,1,1,1,1,1,1,1,1,1,1,1,1,1,1,1,1,6.899346427845618,,,,,,,,,,,,,,,,,,1,7.899346427853731,8.899346427853731,9.899346427853731,10.89934642785373,11.89934642785373,12.89934642785373,13.89934642785373,14.89934642785373,15.89934642785373,16.89934642785373,17.89934642785373,18.89934642785373,19.89934642785373,20.89934642785373,21.89934642785373,22.89934642785373,23.89934642785373,24.89934642785373,25.89934642785373,26.89934642785373,27.89934642785373,28.89934642785373,29.89934642785373,30.89934642785373,31.89934642785373,32.89934642785373,33.89934642785373,34.89934642785373,35.89934642785373,42.79869285569934,,,,,,,,,,,,,,,,,
32,2.899710094908337,2.895838175030688,0.003871919877648899,13.446419019,24168,38,99,run_refine_tol0.008_Q3:stationary,min(gap)=1,0.7136597951800193,1.401227877419873,43.43806420001609,44.43806420001609,3.552714e-15,1,7.21903210004839,7.21903210004839,29,2,30,3,7.2190321^1 | 1^29 | 7.2190321^1,5.758593e-11,True,-1.314504e-13,-2.351526e-05,7.21903210004839,1,1,1,1,1,1,1,1,1,1,1,1,1,1,1,1,1,1,1,1,1,1,1,1,1,1,1,1,1,7.219032099967699,,,,,,,,,,,,,,,,,1,8.219032100048391,9.219032100048391,10.21903210004839,11.21903210004839,12.21903210004839,13.21903210004839,14.21903210004839,15.21903210004839,16.21903210004839,17.21903210004839,18.21903210004839,19.21903210004839,20.21903210004839,21.21903210004839,22.21903210004839,23.21903210004839,24.21903210004839,25.21903210004839,26.21903210004839,27.21903210004839,28.21903210004839,29.21903210004839,30.21903210004839,31.21903210004839,32.21903210004839,33.21903210004839,34.21903210004839,35.21903210004839,36.21903210004839,37.21903210004839,44.43806420001609,,,,,,,,,,,,,,,,
33,2.906338642528675,2.902335427632206,0.004003214896469487,11.377724783,18722,38,96,run_refine_tol0.02_Q3:stationary,min(gap)=1,0.7099334268283942,1.408582780032586,45.07464896104275,46.07464896104275,2.220446e-15,1,7.537324480525162,7.537324480525162,30,2,31,3,7.537324481^1 | 1^30 | 7.537324481^1,5.376048e-12,True,-1.310063e-13,-2.217782e-05,7.537324480525162,1,1,1,1,1,1,1,1,1,1,1,1,1,1,1,1,1,1,1,1,1,1,1,1,1,1,1,1,1,1,7.537324480517589,,,,,,,,,,,,,,,,1,8.537324480525161,9.537324480525161,10.53732448052516,11.53732448052516,12.53732448052516,13.53732448052516,14.53732448052516,15.53732448052516,16.53732448052516,17.53732448052516,18.53732448052516,19.53732448052516,20.53732448052516,21.53732448052516,22.53732448052516,23.53732448052516,24.53732448052516,25.53732448052516,26.53732448052516,27.53732448052516,28.53732448052516,29.53732448052516,30.53732448052516,31.53732448052516,32.53732448052516,33.53732448052516,34.53732448052516,35.53732448052516,36.53732448052516,37.53732448052516,38.53732448052516,46.07464896104275,,,,,,,,,,,,,,,
34,2.912596720867177,2.90848111638906,0.004115604478116541,11.676572024,19236,38,97,run_refine_tol0.02_Q3:stationary,min(gap)=1,0.7065039119902269,1.415420329638363,46.70887087806598,47.70887087806598,2.220446e-15,1,7.854435439033357,7.854435439033357,31,2,32,3,7.854435439^1 | 1^31 | 7.854435439^1,5.170613e-13,True,-1.270095e-13,-2.357787e-05,7.854435439033357,1,1,1,1,1,1,1,1,1,1,1,1,1,1,1,1,1,1,1,1,1,1,1,1,1,1,1,1,1,1,1,7.854435439032625,,,,,,,,,,,,,,,1,8.854435439033356,9.854435439033356,10.85443543903336,11.85443543903336,12.85443543903336,13.85443543903336,14.85443543903336,15.85443543903336,16.85443543903336,17.85443543903336,18.85443543903336,19.85443543903336,20.85443543903336,21.85443543903336,22.85443543903336,23.85443543903336,24.85443543903336,25.85443543903336,26.85443543903336,27.85443543903336,28.85443543903336,29.85443543903336,30.85443543903336,31.85443543903336,32.85443543903335,33.85443543903335,34.85443543903335,35.85443543903335,36.85443543903335,37.85443543903335,38.85443543903335,39.85443543903335,47.70887087806598,,,,,,,,,,,,,,
35,2.918555091204003,2.914303514642516,0.004251576561487003,12.668923830,19982,38,96,run_refine_tol0.02_Q3:stationary,min(gap)=1,0.6374650579487015,1.568713433827886,53.33625675014812,54.33625675014812,8.881784e-16,1,5.834064187540492,5.834064187540492,30,3,32,3,5.834064188^2 | 1^30 | 5.834064188^2,4.411696e-12,True,-4.612051e-09,-2.308822e-05,5.834064187533571,5.834064187533571,1,1,1,1,1,1,1,1,1,1,1,1,1,1,1,1,1,1,1,1,1,1,1,1,1,1,1,1,1,1,5.834064187540492,5.834064187540492,,,,,,,,,,,,,,1,6.834064187533571,12.66812837506714,13.66812837506714,14.66812837506714,15.66812837506714,16.66812837506714,17.66812837506714,18.66812837506714,19.66812837506714,20.66812837506714,21.66812837506714,22.66812837506714,23.66812837506714,24.66812837506714,25.66812837506714,26.66812837506714,27.66812837506714,28.66812837506714,29.66812837506714,30.66812837506714,31.66812837506714,32.66812837506714,33.66812837506714,34.66812837506714,35.66812837506714,36.66812837506714,37.66812837506714,38.66812837506714,39.66812837506714,40.66812837506714,41.66812837506714,42.66812837506714,48.50219256260763,54.33625675014812,,,,,,,,,,,,,
36,2.924351435852302,2.919827916564685,0.004523519287617184,10.559916158,13926,38,95,run_refine_tol0.008_Q3:stationary,min(gap)=1,0.6318670597287778,1.582611380990868,55.39139833468036,56.39139833468036,3.108624e-15,1,6.09784958369857,6.09784958369857,31,3,33,3,6.097849584^2 | 1^31 | 6.097849584^2,3.598820e-11,True,-4.390398e-09,-2.077977e-05,6.09784958369857,6.09784958369857,1,1,1,1,1,1,1,1,1,1,1,1,1,1,1,1,1,1,1,1,1,1,1,1,1,1,1,1,1,1,1,6.097849583641614,6.097849583641614,,,,,,,,,,,,,1,7.09784958369857,13.19569916739714,14.19569916739714,15.19569916739714,16.19569916739714,17.19569916739714,18.19569916739714,19.19569916739714,20.19569916739714,21.19569916739714,22.19569916739714,23.19569916739714,24.19569916739714,25.19569916739714,26.19569916739714,27.19569916739714,28.19569916739714,29.19569916739714,30.19569916739714,31.19569916739714,32.19569916739714,33.19569916739714,34.19569916739714,35.19569916739714,36.19569916739714,37.19569916739714,38.19569916739714,39.19569916739714,40.19569916739714,41.19569916739714,42.19569916739714,43.19569916739714,44.19569916739714,50.29354875103875,56.39139833468036,,,,,,,,,,,,
37,2.929841855101604,2.925077021561542,0.004764833540062074,11.891818327,17889,38,96,run_refine_tol0.008_Q3:stationary,min(gap)=1,0.626739424249753,1.595559432370261,57.44013956532939,58.44013956532939,2.220446e-15,1,6.360034891333095,6.360034891333095,32,3,34,3,6.360034891^2 | 1^32 | 6.360034891^2,9.368528e-13,True,-4.187182e-09,-1.553396e-05,6.360034891333095,6.360034891333095,1,1,1,1,1,1,1,1,1,1,1,1,1,1,1,1,1,1,1,1,1,1,1,1,1,1,1,1,1,1,1,1,6.3600348913316,6.3600348913316,,,,,,,,,,,,1,7.360034891333095,13.72006978266619,14.72006978266619,15.72006978266619,16.72006978266619,17.72006978266619,18.72006978266619,19.72006978266619,20.72006978266619,21.72006978266619,22.72006978266619,23.72006978266619,24.72006978266619,25.72006978266619,26.72006978266619,27.72006978266619,28.72006978266619,29.72006978266619,30.72006978266619,31.72006978266619,32.72006978266619,33.72006978266619,34.72006978266619,35.72006978266619,36.72006978266619,37.72006978266619,38.72006978266619,39.72006978266619,40.72006978266619,41.72006978266619,42.72006978266619,43.72006978266619,44.72006978266619,45.72006978266619,52.08010467399779,58.44013956532939,,,,,,,,,,,
38,2.93505002131637,2.930071260443756,0.004978760872614174,14.369133734,20861,38,94,run_refine_tol0.02_Q3:stationary,min(gap)=1,0.6220213556869539,1.607661844496658,59.48348824637634,60.48348824637634,0.000000e+00,1,6.620872061594116,6.620872061594116,33,3,35,3,6.620872062^2 | 1^33 | 6.620872062^2,3.646275e-14,True,-4.000432e-09,-2.028846e-05,6.620872061594057,6.620872061594057,1,1,1,1,1,1,1,1,1,1,1,1,1,1,1,1,1,1,1,1,1,1,1,1,1,1,1,1,1,1,1,1,1,6.620872061594116,6.620872061594116,,,,,,,,,,,1,7.620872061594057,14.24174412318811,15.24174412318811,16.24174412318811,17.24174412318811,18.24174412318811,19.24174412318811,20.24174412318811,21.24174412318811,22.24174412318811,23.24174412318811,24.24174412318811,25.24174412318811,26.24174412318811,27.24174412318811,28.24174412318811,29.24174412318811,30.24174412318811,31.24174412318811,32.24174412318811,33.24174412318811,34.24174412318811,35.24174412318811,36.24174412318811,37.24174412318811,38.24174412318811,39.24174412318811,40.24174412318811,41.24174412318811,42.24174412318811,43.24174412318811,44.24174412318811,45.24174412318811,46.24174412318811,47.24174412318811,53.86261618478223,60.48348824637634,,,,,,,,,,
39,2.939997257189248,2.934829073429305,0.005168183759943545,9.506182976,12047,38,97,run_refine_tol0.02_Q3:stationary,min(gap)=1,0.6176627262152453,1.619006550917428,61.52224893486228,62.52224893486228,6.661338e-15,1,6.880562233773908,6.880562233773908,34,3,36,3,6.880562234^2 | 1^34 | 6.880562234^2,7.206889e-11,True,-3.828422e-09,-2.047319e-05,6.880562233773908,6.880562233773908,1,1,1,1,1,1,1,1,1,1,1,1,1,1,1,1,1,1,1,1,1,1,1,1,1,1,1,1,1,1,1,1,1,1,6.880562233657228,6.880562233657228,,,,,,,,,,1,7.880562233773908,14.76112446754782,15.76112446754782,16.76112446754782,17.76112446754782,18.76112446754782,19.76112446754782,20.76112446754782,21.76112446754782,22.76112446754782,23.76112446754782,24.76112446754782,25.76112446754782,26.76112446754782,27.76112446754782,28.76112446754782,29.76112446754782,30.76112446754782,31.76112446754782,32.76112446754782,33.76112446754782,34.76112446754782,35.76112446754782,36.76112446754782,37.76112446754782,38.76112446754782,39.76112446754782,40.76112446754782,41.76112446754782,42.76112446754782,43.76112446754782,44.76112446754782,45.76112446754782,46.76112446754782,47.76112446754782,48.76112446754782,55.64168670120505,62.52224893486228,,,,,,,,,
40,2.944702811723272,2.939367148098302,0.005335663624969289,10.348384242,15579,38,97,run_refine_tol0.02_Q3:stationary,min(gap)=1,0.6136217145484737,1.629668534034586,63.55707282734886,64.55707282734886,4.440892e-15,1,7.139268206865742,7.139268206865742,35,3,37,3,7.139268207^2 | 1^35 | 7.139268207^2,3.501061e-11,True,-3.669645e-09,-1.928859e-05,7.139268206808686,7.139268206808686,1,1,1,1,1,1,1,1,1,1,1,1,1,1,1,1,1,1,1,1,1,1,1,1,1,1,1,1,1,1,1,1,1,1,1,7.139268206865742,7.139268206865742,,,,,,,,,1,8.139268206808687,15.27853641361737,16.27853641361737,17.27853641361737,18.27853641361737,19.27853641361737,20.27853641361737,21.27853641361737,22.27853641361737,23.27853641361737,24.27853641361737,25.27853641361737,26.27853641361737,27.27853641361737,28.27853641361737,29.27853641361737,30.27853641361737,31.27853641361737,32.27853641361737,33.27853641361737,34.27853641361737,35.27853641361737,36.27853641361737,37.27853641361737,38.27853641361737,39.27853641361737,40.27853641361737,41.27853641361737,42.27853641361737,43.27853641361737,44.27853641361737,45.27853641361737,46.27853641361737,47.27853641361737,48.27853641361737,49.27853641361737,50.27853641361737,57.41780462048312,64.55707282734886,,,,,,,,
41,2.949184100391463,2.943700623889774,0.005483476501689566,9.928192513,12104,38,94,run_refine_tol0.02_Q3:stationary,min(gap)=1,0.6098630716208651,1.639712333036082,65.58849332144329,66.58849332144329,1.776357e-15,1,7.397123330361638,7.397123330361638,36,3,38,3,7.39712333^2 | 1^36 | 7.39712333^2,9.923343e-13,True,-3.522735e-09,-2.079381e-05,7.397123330361638,7.397123330361638,1,1,1,1,1,1,1,1,1,1,1,1,1,1,1,1,1,1,1,1,1,1,1,1,1,1,1,1,1,1,1,1,1,1,1,1,7.397123330360011,7.397123330360011,,,,,,,,1,8.397123330361637,15.79424666072328,16.79424666072327,17.79424666072327,18.79424666072327,19.79424666072327,20.79424666072327,21.79424666072327,22.79424666072327,23.79424666072327,24.79424666072327,25.79424666072327,26.79424666072327,27.79424666072327,28.79424666072327,29.79424666072327,30.79424666072327,31.79424666072327,32.79424666072327,33.79424666072327,34.79424666072327,35.79424666072327,36.79424666072327,37.79424666072327,38.79424666072327,39.79424666072327,40.79424666072327,41.79424666072327,42.79424666072327,43.79424666072327,44.79424666072327,45.79424666072327,46.79424666072327,47.79424666072327,48.79424666072327,49.79424666072327,50.79424666072327,51.79424666072327,59.19136999108328,66.58849332144329,,,,,,,
42,2.953456914154749,2.947843268517038,0.005613645637710718,9.505479184,11433,38,97,run_refine_tol0.008_Q3:stationary,min(gap)=1,0.6063568205499373,1.649193950012876,67.61695195052793,68.61695195052793,4.440892e-16,1,7.654237987633548,7.654237987633548,37,3,39,3,7.654237988^2 | 1^37 | 7.654237988^2,1.897861e-12,True,-3.386543e-09,-1.783746e-05,7.654237987630419,7.654237987630419,1,1,1,1,1,1,1,1,1,1,1,1,1,1,1,1,1,1,1,1,1,1,1,1,1,1,1,1,1,1,1,1,1,1,1,1,1,7.654237987633548,7.654237987633548,,,,,,,1,8.654237987630419,16.30847597526084,17.30847597526084,18.30847597526084,19.30847597526084,20.30847597526084,21.30847597526084,22.30847597526084,23.30847597526084,24.30847597526084,25.30847597526084,26.30847597526084,27.30847597526084,28.30847597526084,29.30847597526084,30.30847597526084,31.30847597526084,32.30847597526083,33.30847597526083,34.30847597526083,35.30847597526083,36.30847597526083,37.30847597526083,38.30847597526083,39.30847597526083,40.30847597526083,41.30847597526083,42.30847597526083,43.30847597526083,44.30847597526083,45.30847597526083,46.30847597526083,47.30847597526083,48.30847597526083,49.30847597526083,50.30847597526083,51.30847597526083,52.30847597526083,53.30847597526083,60.96271396289438,68.61695195052793,,,,,,
43,2.957535601544917,2.951807630711223,0.005727970833694584,9.979555854,14592,38,98,run_refine_tol0.02_Q3:stationary,min(gap)=1,0.6030772654418695,1.658162323972383,69.64281760684008,70.64281760684008,4.440892e-15,1,7.910704401720124,7.910704401720124,38,3,40,3,7.910704402^2 | 1^38 | 7.910704402^2,1.218421e-11,True,-3.260031e-09,-2.015732e-05,7.91070440169992,7.91070440169992,1,1,1,1,1,1,1,1,1,1,1,1,1,1,1,1,1,1,1,1,1,1,1,1,1,1,1,1,1,1,1,1,1,1,1,1,1,1,7.910704401720124,7.910704401720124,,,,,,1,8.91070440169992,16.82140880339984,17.82140880339984,18.82140880339984,19.82140880339984,20.82140880339984,21.82140880339984,22.82140880339984,23.82140880339984,24.82140880339984,25.82140880339984,26.82140880339984,27.82140880339984,28.82140880339984,29.82140880339984,30.82140880339984,31.82140880339984,32.82140880339984,33.82140880339984,34.82140880339984,35.82140880339984,36.82140880339984,37.82140880339984,38.82140880339984,39.82140880339984,40.82140880339984,41.82140880339984,42.82140880339984,43.82140880339984,44.82140880339984,45.82140880339984,46.82140880339984,47.82140880339984,48.82140880339984,49.82140880339984,50.82140880339984,51.82140880339984,52.82140880339984,53.82140880339984,54.82140880339984,62.73211320511997,70.64281760684008,,,,,
44,2.961460249171716,2.955605172926971,0.005855076244745128,9.111147938,11361,38,97,run_refine_tol0.02_Q5:stationary,min(gap)=1,0.4756047960783515,2.102586029925693,90.41119928680482,91.41119928680482,6.217249e-15,1,16.88129293052702,16.88129293052702,37,4,40,5,16.88129293^1 | 4.912153356^2 | 1^37 | 4.912153356^2 | 16.88129293^1,9.141379e-11,True,-7.105427e-14,-2.089330e-05,16.88129293033481,4.912153356475524,4.912153356475524,1,1,1,1,1,1,1,1,1,1,1,1,1,1,1,1,1,1,1,1,1,1,1,1,1,1,1,1,1,1,1,1,1,1,1,1,1,4.912153356495963,4.912153356495963,16.88129293052702,,,,,1,17.88129293033481,22.79344628681034,27.70559964328586,28.70559964328586,29.70559964328586,30.70559964328586,31.70559964328586,32.70559964328586,33.70559964328586,34.70559964328586,35.70559964328586,36.70559964328586,37.70559964328586,38.70559964328586,39.70559964328586,40.70559964328586,41.70559964328586,42.70559964328586,43.70559964328586,44.70559964328586,45.70559964328586,46.70559964328586,47.70559964328586,48.70559964328586,49.70559964328586,50.70559964328586,51.70559964328586,52.70559964328586,53.70559964328586,54.70559964328586,55.70559964328586,56.70559964328586,57.70559964328586,58.70559964328586,59.70559964328586,60.70559964328586,61.70559964328586,62.70559964328586,63.70559964328586,64.70559964328586,69.61775299978183,74.52990635627779,91.41119928680482,,,,
45,2.965289635902908,2.959246387019288,0.006043248883619956,8.908979829,11546,38,97,run_refine_tol0.008_Q5:stationary,min(gap)=1,0.4713052101611241,2.121767335561879,93.35776276472269,94.35776276472269,5.329071e-15,1,17.45038159646415,17.45038159646415,38,4,41,5,17.4503816^1 | 5.114249893^2 | 1^38 | 5.114249893^2 | 17.4503816^1,9.423593e-12,True,-6.572520e-14,-2.145713e-05,17.45038159646415,5.114249892955183,5.114249892955183,1,1,1,1,1,1,1,1,1,1,1,1,1,1,1,1,1,1,1,1,1,1,1,1,1,1,1,1,1,1,1,1,1,1,1,1,1,1,5.114249892952005,5.114249892952005,17.45038159644416,,,,1,18.45038159646415,23.56463148941934,28.67888138237452,29.67888138237452,30.67888138237452,31.67888138237452,32.67888138237452,33.67888138237452,34.67888138237452,35.67888138237452,36.67888138237452,37.67888138237452,38.67888138237452,39.67888138237452,40.67888138237452,41.67888138237452,42.67888138237452,43.67888138237452,44.67888138237452,45.67888138237452,46.67888138237452,47.67888138237452,48.67888138237452,49.67888138237452,50.67888138237452,51.67888138237452,52.67888138237452,53.67888138237452,54.67888138237452,55.67888138237452,56.67888138237452,57.67888138237452,58.67888138237452,59.67888138237452,60.67888138237452,61.67888138237452,62.67888138237452,63.67888138237452,64.67888138237453,65.67888138237453,66.67888138237453,71.79313127532653,76.90738116827853,94.35776276472269,,,
46,2.968953447482414,2.962740895393968,0.006212552088446177,11.551326070,15879,38,99,run_refine_tol0.02_Q5:stationary,min(gap)=1,0.4673334942970166,2.139799548295257,96.29097967328659,97.29097967328659,4.884981e-15,1,18.01714958203911,18.01714958203911,39,4,42,5,18.01714958^1 | 5.314170127^2 | 1^39 | 5.314170128^2 | 18.01714958^1,4.204051e-10,True,-5.950795e-14,-1.928279e-05,18.01714958113953,5.314170127475896,5.314170127475896,1,1,1,1,1,1,1,1,1,1,1,1,1,1,1,1,1,1,1,1,1,1,1,1,1,1,1,1,1,1,1,1,1,1,1,1,1,1,1,5.314170127578073,5.314170127578073,18.01714958203911,,,1,19.01714958113953,24.33131970861542,29.64548983609132,30.64548983609132,31.64548983609132,32.64548983609132,33.64548983609132,34.64548983609132,35.64548983609132,36.64548983609132,37.64548983609132,38.64548983609132,39.64548983609132,40.64548983609132,41.64548983609132,42.64548983609132,43.64548983609132,44.64548983609132,45.64548983609132,46.64548983609132,47.64548983609132,48.64548983609132,49.64548983609132,50.64548983609132,51.64548983609132,52.64548983609132,53.64548983609132,54.64548983609132,55.64548983609132,56.64548983609132,57.64548983609132,58.64548983609132,59.64548983609132,60.64548983609132,61.64548983609132,62.64548983609132,63.64548983609132,64.64548983609131,65.64548983609131,66.64548983609131,67.64548983609131,68.64548983609131,73.9596599636694,79.27383009124748,97.29097967328659,,
47,2.972462152217869,2.9660975397216,0.006364612496269295,11.901253928,15357,38,97,run_refine_tol0.02_Q5:stationary,min(gap)=1,0.4636486491009089,2.156805593932313,99.21305732088634,100.2130573208863,9.769963e-15,1,18.58198262558408,18.58198262558408,40,4,43,5,18.58198263^1 | 5.512273017^2 | 1^40 | 5.512273017^2 | 18.58198263^1,4.708223e-11,True,-5.773160e-14,-1.919714e-05,18.58198262548253,5.512273017448726,5.512273017448726,1,1,1,1,1,1,1,1,1,1,1,1,1,1,1,1,1,1,1,1,1,1,1,1,1,1,1,1,1,1,1,1,1,1,1,1,1,1,1,1,5.512273017461139,5.512273017461139,18.58198262558408,,1,19.58198262548253,25.09425564293126,30.60652866037999,31.60652866037999,32.60652866037999,33.60652866037999,34.60652866037999,35.60652866037999,36.60652866037999,37.60652866037999,38.60652866037999,39.60652866037999,40.60652866037999,41.60652866037999,42.60652866037999,43.60652866037999,44.60652866037999,45.60652866037999,46.60652866037999,47.60652866037999,48.60652866037999,49.60652866037999,50.60652866037999,51.60652866037999,52.60652866037999,53.60652866037999,54.60652866037999,55.60652866037999,56.60652866037999,57.60652866037999,58.60652866037999,59.60652866037999,60.60652866037999,61.60652866037999,62.60652866037999,63.60652866037999,64.60652866037998,65.60652866037998,66.60652866037998,67.60652866037998,68.60652866037998,69.60652866037998,70.60652866037998,76.11880167784112,81.63107469530226,100.2130573208863,
48,2.975825380668484,2.969324458967788,0.006500921700696605,9.750351317,11580,38,98,run_refine_tol0.008_Q5:stationary,min(gap)=1,0.4602170594908673,2.172887726296561,102.1257231359384,103.1257231359384,1.021405e-14,1,19.14517911239204,19.14517911239204,41,4,44,5,19.14517911^1 | 5.708841228^2 | 1^41 | 5.708841228^2 | 19.14517911^1,5.683164e-11,True,-6.306067e-14,-1.981779e-05,19.14517911239204,5.708841227797625,5.708841227797625,1,1,1,1,1,1,1,1,1,1,1,1,1,1,1,1,1,1,1,1,1,1,1,1,1,1,1,1,1,1,1,1,1,1,1,1,1,1,1,1,1,5.708841227841283,5.708841227841283,19.14517911226855,1,20.14517911239204,25.85402034018966,31.56286156798728,32.56286156798728,33.56286156798728,34.56286156798728,35.56286156798728,36.56286156798728,37.56286156798728,38.56286156798728,39.56286156798728,40.56286156798728,41.56286156798728,42.56286156798728,43.56286156798728,44.56286156798728,45.56286156798728,46.56286156798728,47.56286156798728,48.56286156798728,49.56286156798728,50.56286156798728,51.56286156798728,52.56286156798728,53.56286156798728,54.56286156798728,55.56286156798728,56.56286156798728,57.56286156798728,58.56286156798728,59.56286156798728,60.56286156798728,61.56286156798728,62.56286156798728,63.56286156798728,64.56286156798728,65.56286156798728,66.56286156798728,67.56286156798728,68.56286156798728,69.56286156798728,70.56286156798728,71.56286156798728,72.56286156798728,78.27170279582856,83.98054402366984,103.1257231359384
